w,h,map_cells,civilians,fire_density,trials,solved,time_ms_median,time_p25,time_p75,nodes_median,nodes_p25,nodes_p75
8,8,64,1,0.05,5,5,0.18,0.16,0.21,11.0,10.0,13.0
8,8,64,1,0.1,5,5,0.16,0.15,0.16,10.0,10.0,10.0
8,8,64,1,0.15,5,5,0.18,0.15,0.19,12.0,10.0,13.0
8,8,64,2,0.05,5,5,0.18,0.16,0.27,10.0,10.0,17.0
8,8,64,2,0.1,5,5,0.18,0.17,0.36,10.0,10.0,21.0
8,8,64,2,0.15,5,5,0.26,0.25,0.31,17.0,17.0,19.0
8,8,64,3,0.05,5,5,0.66,0.18,0.68,38.0,11.0,43.0
8,8,64,3,0.1,5,5,0.2,0.19,0.29,12.0,11.0,18.0
8,8,64,3,0.15,5,5,0.79,0.2,2.5,53.0,12.0,161.0
8,8,64,4,0.05,5,5,8.68,7.84,11.86,516.0,480.0,712.0
8,8,64,4,0.1,5,5,1.1,0.22,2.04,73.0,14.0,128.0
8,8,64,4,0.15,5,5,0.69,0.63,1.5,44.0,42.0,95.0
10,10,100,1,0.05,5,5,0.22,0.21,0.23,14.0,14.0,15.0
10,10,100,1,0.1,5,5,0.23,0.21,0.24,14.0,14.0,17.0
10,10,100,1,0.15,5,5,0.28,0.23,0.45,19.0,14.0,27.0
10,10,100,2,0.05,5,5,0.23,0.23,0.24,14.0,14.0,15.0
10,10,100,2,0.1,5,5,0.7,0.43,4.28,44.0,28.0,285.0
10,10,100,2,0.15,5,5,0.34,0.3,1.74,20.0,18.0,111.0
10,10,100,3,0.05,5,5,0.8,0.36,1.91,53.0,23.0,123.0
10,10,100,3,0.1,5,5,0.73,0.55,1.07,45.0,32.0,65.0
10,10,100,3,0.15,5,5,1.1,0.31,1.25,65.0,17.0,76.0
10,10,100,4,0.05,5,5,0.81,0.63,0.94,50.0,39.0,59.0
10,10,100,4,0.1,5,5,0.42,0.35,16.69,26.0,21.0,1007.0
10,10,100,4,0.15,5,5,1.9,1.39,2.28,113.0,85.0,135.0
12,10,120,1,0.05,5,5,0.23,0.23,0.24,16.0,16.0,16.0
12,10,120,1,0.1,5,5,0.26,0.26,0.31,18.0,16.0,19.0
12,10,120,1,0.15,5,5,0.32,0.3,0.36,23.0,19.0,23.0
12,10,120,2,0.05,5,5,0.27,0.26,0.63,17.0,16.0,44.0
12,10,120,2,0.1,5,5,0.36,0.33,0.39,24.0,22.0,25.0
12,10,120,2,0.15,5,5,0.38,0.34,7.77,24.0,21.0,462.0
12,10,120,3,0.05,5,5,0.4,0.31,0.48,24.0,20.0,29.0
12,10,120,3,0.1,5,5,0.64,0.53,17.11,39.0,33.0,1040.0
12,10,120,3,0.15,5,5,1.86,0.53,10.57,113.0,32.0,623.0
12,10,120,4,0.05,5,5,3.93,3.74,10.37,258.0,229.0,637.0
12,10,120,4,0.1,5,5,7.37,0.87,19.93,455.0,52.0,1222.0
12,10,120,4,0.15,5,5,0.32,0.3,0.78,19.0,17.0,45.0
14,12,168,1,0.05,5,5,0.3,0.29,0.3,20.0,20.0,20.0
14,12,168,1,0.1,5,5,0.39,0.35,0.41,25.0,22.0,26.0
14,12,168,1,0.15,5,5,0.44,0.36,0.45,29.0,25.0,30.0
14,12,168,2,0.05,5,5,0.4,0.35,1.74,25.0,21.0,109.0
14,12,168,2,0.1,5,5,0.46,0.34,2.6,27.0,21.0,159.0
14,12,168,2,0.15,5,5,0.74,0.39,1.5,50.0,23.0,93.0
14,12,168,3,0.05,5,5,1.65,1.31,2.12,100.0,87.0,132.0
14,12,168,3,0.1,5,5,7.23,1.41,18.49,444.0,81.0,1110.0
14,12,168,3,0.15,5,5,0.7,0.66,0.7,42.0,39.0,43.0
14,12,168,4,0.05,5,5,6.6,3.16,7.82,397.0,182.0,485.0
14,12,168,4,0.1,5,5,13.74,3.59,38.76,848.0,207.0,2332.0
14,12,168,4,0.15,5,5,1.34,0.6,3.83,75.0,37.0,211.0
16,12,192,1,0.05,5,5,0.36,0.35,0.36,23.0,22.0,25.0
16,12,192,1,0.1,5,5,0.41,0.37,0.43,26.0,26.0,27.0
16,12,192,1,0.15,5,5,0.42,0.37,0.91,28.0,25.0,61.0
16,12,192,2,0.05,5,5,1.82,0.41,6.94,125.0,26.0,458.0
16,12,192,2,0.1,5,5,0.46,0.38,0.63,30.0,25.0,39.0
16,12,192,2,0.15,5,5,0.64,0.44,0.91,42.0,27.0,56.0
16,12,192,3,0.05,5,5,32.98,2.6,62.39,1902.0,161.0,3665.0
16,12,192,3,0.1,5,5,20.72,2.54,34.59,1240.0,152.0,2127.0
16,12,192,3,0.15,5,5,0.58,0.46,4.47,36.0,27.0,311.0
16,12,192,4,0.05,5,5,22.11,11.06,63.39,1270.0,680.0,3754.0
16,12,192,4,0.1,5,5,11.34,5.76,13.42,762.0,333.0,789.0
16,12,192,4,0.15,5,5,3.27,0.8,21.33,113.0,45.0,1286.0
18,14,252,1,0.05,5,5,0.42,0.42,0.57,32.0,31.0,39.0
18,14,252,1,0.1,5,5,0.49,0.48,0.5,29.0,29.0,36.0
18,14,252,1,0.15,5,5,0.57,0.55,0.65,37.0,33.0,49.0
18,14,252,2,0.05,5,5,0.58,0.48,0.7,38.0,30.0,43.0
18,14,252,2,0.1,5,5,0.58,0.56,0.62,35.0,35.0,36.0
18,14,252,2,0.15,5,5,0.53,0.52,0.54,34.0,33.0,35.0
18,14,252,3,0.05,5,5,2.1,1.61,2.97,125.0,108.0,188.0
18,14,252,3,0.1,5,5,80.38,1.29,173.02,4898.0,75.0,10111.0
18,14,252,3,0.15,5,5,4.01,3.11,13.73,250.0,181.0,801.0
18,14,252,4,0.05,5,5,24.04,0.9,57.76,1471.0,52.0,3492.0
18,14,252,4,0.1,5,5,80.18,5.67,1211.68,4712.0,331.0,64274.0
18,14,252,4,0.15,5,5,126.81,107.15,586.02,6922.0,6159.0,30666.0
20,15,300,1,0.05,5,5,0.64,0.59,0.65,41.0,40.0,43.0
20,15,300,1,0.1,5,5,0.49,0.49,0.56,33.0,32.0,37.0
20,15,300,1,0.15,5,5,0.66,0.58,0.85,48.0,38.0,58.0
20,15,300,2,0.05,5,5,0.57,0.55,0.62,33.0,33.0,41.0
20,15,300,2,0.1,5,5,0.59,0.58,1.03,37.0,37.0,77.0
20,15,300,2,0.15,5,5,1.5,0.7,2.91,100.0,44.0,190.0
20,15,300,3,0.05,5,5,4.0,1.08,5.88,260.0,63.0,362.0
20,15,300,3,0.1,5,5,7.39,0.79,13.19,436.0,51.0,866.0
20,15,300,3,0.15,5,5,633.79,48.05,5378.67,34330.0,2670.0,280639.0
20,15,300,4,0.05,5,5,8.3,2.95,12.54,493.0,167.0,563.0
20,15,300,4,0.1,5,5,417.26,35.56,1295.95,22502.0,2103.0,66929.0
20,15,300,4,0.15,5,5,8.91,2.11,90.66,474.0,113.0,4992.0
